Package,LibPath,Version,Priority,Depends,Imports,LinkingTo,Suggests,Enhances,License,License_is_FOSS,License_restricts_use,OS_type,MD5sum,NeedsCompilation,Built
Andromeda,/home/rstudio/.cache/R/renv/library/atlas2120-80930b45/R-4.2/x86_64-pc-linux-gnu,0.6.0,NA,dplyr,"RSQLite, DBI, zip, methods, dbplyr, tidyselect, cli, rlang,
pillar, hms",NA,"testthat, stringr, knitr, rmarkdown, tibble, rJava, rcmdcheck",NA,Apache License 2.0,NA,NA,NA,NA,no,4.2.1
askpass,/home/rstudio/.cache/R/renv/library/atlas2120-80930b45/R-4.2/x86_64-pc-linux-gnu,1.1,NA,NA,sys (>= 2.1),NA,testthat,NA,MIT + file LICENSE,NA,NA,NA,NA,yes,4.2.1
assertthat,/home/rstudio/.cache/R/renv/library/atlas2120-80930b45/R-4.2/x86_64-pc-linux-gnu,0.2.1,NA,NA,tools,NA,"testthat, covr",NA,GPL-3,NA,NA,NA,NA,no,4.2.1
backports,/home/rstudio/.cache/R/renv/library/atlas2120-80930b45/R-4.2/x86_64-pc-linux-gnu,1.4.1,NA,R (>= 3.0.0),NA,NA,NA,NA,GPL-2 | GPL-3,NA,NA,NA,NA,yes,4.2.1
base64enc,/home/rstudio/.cache/R/renv/library/atlas2120-80930b45/R-4.2/x86_64-pc-linux-gnu,0.1-3,NA,R (>= 2.9.0),NA,NA,NA,png,GPL-2 | GPL-3,NA,NA,NA,NA,yes,4.2.1
BH,/home/rstudio/.cache/R/renv/library/atlas2120-80930b45/R-4.2/x86_64-pc-linux-gnu,1.78.0-0,NA,NA,NA,NA,NA,NA,BSL-1.0,NA,NA,NA,NA,no,4.2.1
bit,/home/rstudio/.cache/R/renv/library/atlas2120-80930b45/R-4.2/x86_64-pc-linux-gnu,4.0.4,NA,R (>= 2.9.2),NA,NA,"testthat (>= 0.11.0), roxygen2, knitr, rmarkdown,
microbenchmark, bit64 (>= 4.0.0), ff (>= 4.0.0)",NA,GPL-2 | GPL-3,NA,NA,NA,NA,yes,4.2.1
bit64,/home/rstudio/.cache/R/renv/library/atlas2120-80930b45/R-4.2/x86_64-pc-linux-gnu,4.0.5,NA,"R (>= 3.0.1), bit (>= 4.0.0), utils, methods, stats",NA,NA,NA,NA,GPL-2 | GPL-3,NA,NA,NA,NA,yes,4.2.1
blob,/home/rstudio/.cache/R/renv/library/atlas2120-80930b45/R-4.2/x86_64-pc-linux-gnu,1.2.2,NA,NA,"methods, rlang, vctrs (>= 0.2.1)",NA,"covr, crayon, pillar (>= 1.2.1), testthat",NA,MIT + file LICENSE,NA,NA,NA,NA,no,4.2.1
brew,/home/rstudio/.cache/R/renv/library/atlas2120-80930b45/R-4.2/x86_64-pc-linux-gnu,1.0-8,NA,NA,NA,NA,testthat (>= 3.0.0),NA,GPL-2,NA,NA,NA,NA,no,4.2.1
brio,/home/rstudio/.cache/R/renv/library/atlas2120-80930b45/R-4.2/x86_64-pc-linux-gnu,1.1.3,NA,NA,NA,NA,"covr, testthat (>= 2.1.0)",NA,MIT + file LICENSE,NA,NA,NA,NA,yes,4.2.1
bslib,/home/rstudio/.cache/R/renv/library/atlas2120-80930b45/R-4.2/x86_64-pc-linux-gnu,0.5.1,NA,R (>= 2.10),"base64enc, cachem, grDevices, htmltools (>= 0.5.4), jquerylib
(>= 0.1.3), jsonlite, memoise (>= 2.0.1), mime, rlang, sass (>=
0.4.0)",NA,"bsicons, curl, fontawesome, ggplot2, knitr, magrittr,
rappdirs, rmarkdown (>= 2.7), shiny (>= 1.6.0), testthat,
thematic, withr",NA,MIT + file LICENSE,NA,NA,NA,NA,no,4.2.1
cachem,/home/rstudio/.cache/R/renv/library/atlas2120-80930b45/R-4.2/x86_64-pc-linux-gnu,1.0.6,NA,NA,"rlang, fastmap",NA,testthat,NA,MIT + file LICENSE,NA,NA,NA,NA,yes,4.2.1
callr,/home/rstudio/.cache/R/renv/library/atlas2120-80930b45/R-4.2/x86_64-pc-linux-gnu,3.7.3,NA,R (>= 3.4),"processx (>= 3.6.1), R6, utils",NA,"asciicast, cli (>= 1.1.0), covr, mockery, ps, rprojroot,
spelling, testthat (>= 3.0.0), withr (>= 2.3.0)",NA,MIT + file LICENSE,NA,NA,NA,NA,no,4.2.1
checkmate,/home/rstudio/.cache/R/renv/library/atlas2120-80930b45/R-4.2/x86_64-pc-linux-gnu,2.0.0,NA,R (>= 3.0.0),"backports (>= 1.1.0), utils",NA,"R6, fastmatch, data.table (>= 1.9.8), devtools, ggplot2,
knitr, magrittr, microbenchmark, rmarkdown, testthat (>=
0.11.0), tinytest (>= 1.1.0), tibble",NA,BSD_3_clause + file LICENSE,NA,NA,NA,NA,yes,4.2.1
cli,/home/rstudio/.cache/R/renv/library/atlas2120-80930b45/R-4.2/x86_64-pc-linux-gnu,3.6.1,NA,R (>= 3.4),utils,NA,"callr, covr, crayon, digest, glue (>= 1.6.0), grDevices,
htmltools, htmlwidgets, knitr, methods, mockery, processx, ps
(>= 1.3.4.9000), rlang (>= 1.0.2.9003), rmarkdown, rprojroot,
rstudioapi, testthat, tibble, whoami, withr",NA,MIT + file LICENSE,NA,NA,NA,NA,yes,4.2.1
clipr,/home/rstudio/.cache/R/renv/library/atlas2120-80930b45/R-4.2/x86_64-pc-linux-gnu,0.7.1,NA,NA,utils,NA,"covr, knitr, rmarkdown, rstudioapi (>= 0.5), testthat (>=
2.0.0)",NA,GPL-3,NA,NA,NA,NA,no,4.2.1
CohortGenerator,/home/rstudio/.cache/R/renv/library/atlas2120-80930b45/R-4.2/x86_64-pc-linux-gnu,0.4.0,NA,"DatabaseConnector (>= 5.0.0),
R (>= 3.6.0)","checkmate,
digest,
dplyr,
lubridate,
ParallelLogger (>= 3.0.0),
readr (>= 2.1.0),
rlang,
RJSONIO,
SqlRender (>= 1.7.0),
stringi (>= 1.7.6)",NA,"CirceR (>= 1.1.1),
Eunomia,
knitr,
rmarkdown,
ROhdsiWebApi,
testthat",NA,Apache License,NA,NA,NA,NA,NA,4.2.1
CohortMethod,/home/rstudio/.cache/R/renv/library/atlas2120-80930b45/R-4.2/x86_64-pc-linux-gnu,4.2.2,NA,"R (>= 3.5.0),
DatabaseConnector (>= 4.0.0),
Cyclops (>= 3.1.2),
FeatureExtraction  (>= 3.0.0),
Andromeda (>= 0.5.0)","methods,
ggplot2,
gridExtra,
grid,
readr,
plyr,
dplyr,
rlang,
cli,
pillar,
Rcpp (>= 0.11.2),
SqlRender (>= 1.7.0),
survival,
ParallelLogger (>= 2.0.0),
bit64",Rcpp,"testthat,
pROC,
knitr,
rmarkdown,
EmpiricalCalibration,
Eunomia,
withr,
R.utils,
RISCA",NA,Apache License 2.0,NA,NA,NA,NA,yes,4.2.1
colorspace,/home/rstudio/.cache/R/renv/library/atlas2120-80930b45/R-4.2/x86_64-pc-linux-gnu,2.0-2,NA,"R (>= 3.0.0), methods","graphics, grDevices, stats",NA,"datasets, utils, KernSmooth, MASS, kernlab, mvtnorm, vcd,
tcltk, shiny, shinyjs, ggplot2, dplyr, scales, grid, png, jpeg,
knitr, rmarkdown, RColorBrewer, rcartocolor, scico, viridis,
wesanderson",NA,BSD_3_clause + file LICENSE,NA,NA,NA,NA,yes,4.2.1
commonmark,/home/rstudio/.cache/R/renv/library/atlas2120-80930b45/R-4.2/x86_64-pc-linux-gnu,1.9.0,NA,NA,NA,NA,"curl, testthat, xml2",NA,BSD_2_clause + file LICENSE,NA,NA,NA,NA,yes,4.2.1
cpp11,/home/rstudio/.cache/R/renv/library/atlas2120-80930b45/R-4.2/x86_64-pc-linux-gnu,0.4.2,NA,NA,NA,NA,"bench, brio, callr, cli, covr, decor, desc, ggplot2, glue,
knitr, lobstr, mockery, progress, rmarkdown, scales, Rcpp,
testthat, tibble, utils, vctrs, withr",NA,MIT + file LICENSE,NA,NA,NA,NA,no,4.2.1
crayon,/home/rstudio/.cache/R/renv/library/atlas2120-80930b45/R-4.2/x86_64-pc-linux-gnu,1.4.2,NA,NA,"grDevices, methods, utils",NA,"mockery, rstudioapi, testthat, withr",NA,MIT + file LICENSE,NA,NA,NA,NA,no,4.2.1
credentials,/home/rstudio/.cache/R/renv/library/atlas2120-80930b45/R-4.2/x86_64-pc-linux-gnu,2.0.1,NA,NA,"openssl (>= 1.3), sys (>= 2.1), curl, jsonlite, askpass",NA,"testthat, knitr, rmarkdown",NA,MIT + file LICENSE,NA,NA,NA,NA,no,4.2.1
crosstalk,/home/rstudio/.cache/R/renv/library/atlas2120-80930b45/R-4.2/x86_64-pc-linux-gnu,1.2.0,NA,NA,"htmltools (>= 0.3.6), jsonlite, lazyeval, R6",NA,"shiny, ggplot2, testthat (>= 2.1.0), sass, bslib",NA,MIT + file LICENSE,NA,NA,NA,NA,no,4.2.1
curl,/home/rstudio/.cache/R/renv/library/atlas2120-80930b45/R-4.2/x86_64-pc-linux-gnu,5.0.2,NA,R (>= 3.0.0),NA,NA,"spelling, testthat (>= 1.0.0), knitr, jsonlite, rmarkdown,
magrittr, httpuv (>= 1.4.4), webutils",NA,MIT + file LICENSE,NA,NA,NA,NA,yes,4.2.1
Cyclops,/home/rstudio/.cache/R/renv/library/atlas2120-80930b45/R-4.2/x86_64-pc-linux-gnu,3.1.2,NA,R (>= 3.1.0),"rlang, Matrix, Rcpp (>= 0.12.12), Andromeda (>= 0.3.1), dplyr,
methods, survival, bit64","Rcpp, BH (>= 1.51.0), RcppEigen (>= 0.3.2)","testthat, MASS, gnm, ggplot2, microbenchmark, cmprsk",NA,Apache License 2.0,NA,NA,NA,NA,yes,4.2.1
DatabaseConnector,/home/rstudio/.cache/R/renv/library/atlas2120-80930b45/R-4.2/x86_64-pc-linux-gnu,5.0.2,NA,R (>= 2.10),"rJava, SqlRender (>= 1.8.3), methods, stringr, readr, rlang,
utils, DBI (>= 1.0.0), urltools, bit64",NA,"aws.s3, R.utils, withr, testthat, DBItest, knitr, rmarkdown,
RSQLite, ssh, Andromeda (>= 0.6.0), dplyr",NA,Apache License,NA,NA,NA,NA,no,4.2.1
DBI,/home/rstudio/.cache/R/renv/library/atlas2120-80930b45/R-4.2/x86_64-pc-linux-gnu,1.1.2,NA,"methods, R (>= 3.0.0)",NA,NA,"blob, covr, DBItest, dbplyr, downlit, dplyr, glue, hms,
knitr, magrittr, RMariaDB, rmarkdown, rprojroot, RSQLite (>=
1.1-2), testthat, xml2",NA,LGPL (>= 2.1),NA,NA,NA,NA,no,4.2.1
dbplyr,/home/rstudio/.cache/R/renv/library/atlas2120-80930b45/R-4.2/x86_64-pc-linux-gnu,2.1.1,NA,R (>= 3.1),"assertthat (>= 0.2.0), blob (>= 1.2.0), DBI (>= 1.0.0), dplyr
(>= 1.0.4), ellipsis, glue (>= 1.2.0), lifecycle (>= 1.0.0),
magrittr, methods, purrr (>= 0.2.5), R6 (>= 2.2.2), rlang (>=
0.2.0), tibble (>= 1.4.2), tidyselect (>= 0.2.4), utils, vctrs,
withr",NA,"bit64, covr, knitr, Lahman, nycflights13, odbc, RMariaDB (>=
1.0.2), rmarkdown, RPostgres (>= 1.1.3), RPostgreSQL, RSQLite
(>= 2.1.0), testthat (>= 3.0.2), tidyr",NA,MIT + file LICENSE,NA,NA,NA,NA,no,4.2.1
desc,/home/rstudio/.cache/R/renv/library/atlas2120-80930b45/R-4.2/x86_64-pc-linux-gnu,1.4.2,NA,R (>= 3.4),"cli, R6, rprojroot, utils",NA,"callr, covr, gh, spelling, testthat, whoami, withr",NA,MIT + file LICENSE,NA,NA,NA,NA,no,4.2.1
devtools,/home/rstudio/.cache/R/renv/library/atlas2120-80930b45/R-4.2/x86_64-pc-linux-gnu,2.4.5,NA,"R (>= 3.0.2), usethis (>= 2.1.6)","cli (>= 3.3.0), desc (>= 1.4.1), ellipsis (>= 0.3.2), fs (>=
1.5.2), lifecycle (>= 1.0.1), memoise (>= 2.0.1), miniUI (>=
0.1.1.1), pkgbuild (>= 1.3.1), pkgdown (>= 2.0.6), pkgload (>=
1.3.0), profvis (>= 0.3.7), rcmdcheck (>= 1.4.0), remotes (>=
2.4.2), rlang (>= 1.0.4), roxygen2 (>= 7.2.1), rversions (>=
2.1.1), sessioninfo (>= 1.2.2), stats, testthat (>= 3.1.5),
tools, urlchecker (>= 1.0.1), utils, withr (>= 2.5.0)",NA,"BiocManager (>= 1.30.18), callr (>= 3.7.1), covr (>= 3.5.1),
curl (>= 4.3.2), digest (>= 0.6.29), DT (>= 0.23), foghorn (>=
1.4.2), gh (>= 1.3.0), gmailr (>= 1.0.1), httr (>= 1.4.3),
knitr (>= 1.39), lintr (>= 3.0.0), MASS, mockery (>= 0.4.3),
pingr (>= 2.0.1), rhub (>= 1.1.1), rmarkdown (>= 2.14),
rstudioapi (>= 0.13), spelling (>= 2.2)",NA,MIT + file LICENSE,NA,NA,NA,NA,no,4.2.1
diffobj,/home/rstudio/.cache/R/renv/library/atlas2120-80930b45/R-4.2/x86_64-pc-linux-gnu,0.3.5,NA,R (>= 3.1.0),"crayon (>= 1.3.2), tools, methods, utils, stats",NA,"knitr, rmarkdown",NA,GPL-2 | GPL-3,NA,NA,NA,NA,yes,4.2.1
digest,/home/rstudio/.cache/R/renv/library/atlas2120-80930b45/R-4.2/x86_64-pc-linux-gnu,0.6.29,NA,R (>= 3.3.0),utils,NA,"tinytest, simplermarkdown",NA,GPL (>= 2),NA,NA,NA,NA,yes,4.2.1
downlit,/home/rstudio/.cache/R/renv/library/atlas2120-80930b45/R-4.2/x86_64-pc-linux-gnu,0.4.3,NA,R (>= 3.4.0),"brio, desc, digest, evaluate, fansi, memoise, rlang, vctrs,
withr, yaml",NA,"covr, htmltools, jsonlite, MASS, MassSpecWavelet, pkgload,
rmarkdown, testthat (>= 3.0.0), xml2",NA,MIT + file LICENSE,NA,NA,NA,NA,no,4.2.1
dplyr,/home/rstudio/.cache/R/renv/library/atlas2120-80930b45/R-4.2/x86_64-pc-linux-gnu,1.0.7,NA,R (>= 3.3.0),"ellipsis, generics, glue (>= 1.3.2), lifecycle (>= 1.0.0),
magrittr (>= 1.5), methods, R6, rlang (>= 0.4.10), tibble (>=
2.1.3), tidyselect (>= 1.1.0), utils, vctrs (>= 0.3.5), pillar
(>= 1.5.1)",NA,"bench, broom, callr, covr, DBI, dbplyr (>= 1.4.3), knitr,
Lahman, lobstr, microbenchmark, nycflights13, purrr, rmarkdown,
RMySQL, RPostgreSQL, RSQLite, testthat (>= 3.0.2), tidyr, withr",NA,MIT + file LICENSE,NA,NA,NA,NA,yes,4.2.1
DT,/home/rstudio/.cache/R/renv/library/atlas2120-80930b45/R-4.2/x86_64-pc-linux-gnu,0.29,NA,NA,"htmltools (>= 0.3.6), htmlwidgets (>= 1.3), httpuv, jsonlite
(>= 0.9.16), magrittr, crosstalk, jquerylib, promises",NA,"knitr (>= 1.8), rmarkdown, shiny (>= 1.6), bslib, future,
testit, tibble",NA,GPL-3 | file LICENSE,NA,NA,NA,NA,no,4.2.1
ellipsis,/home/rstudio/.cache/R/renv/library/atlas2120-80930b45/R-4.2/x86_64-pc-linux-gnu,0.3.2,NA,R (>= 3.2),rlang (>= 0.3.0),NA,"covr, testthat",NA,MIT + file LICENSE,NA,NA,NA,NA,yes,4.2.1
EmpiricalCalibration,/home/rstudio/.cache/R/renv/library/atlas2120-80930b45/R-4.2/x86_64-pc-linux-gnu,3.0.0,NA,R (>= 3.5.0),"ggplot2 (>= 2.0.0), gridExtra, methods, rlang, Rcpp",Rcpp,"knitr, markdown, rmarkdown, testthat, Cyclops, survival,
Sequential",NA,Apache License 2.0,NA,NA,NA,NA,yes,4.2.1
evaluate,/home/rstudio/.cache/R/renv/library/atlas2120-80930b45/R-4.2/x86_64-pc-linux-gnu,0.21,NA,R (>= 3.0.2),methods,NA,"covr, ggplot2, lattice, rlang, testthat (>= 3.0.0), withr",NA,MIT + file LICENSE,NA,NA,NA,NA,no,4.2.1
fansi,/home/rstudio/.cache/R/renv/library/atlas2120-80930b45/R-4.2/x86_64-pc-linux-gnu,1.0.2,NA,R (>= 3.1.0),"grDevices, utils",NA,"unitizer, knitr, rmarkdown",NA,GPL-2 | GPL-3,NA,NA,NA,NA,yes,4.2.1
farver,/home/rstudio/.cache/R/renv/library/atlas2120-80930b45/R-4.2/x86_64-pc-linux-gnu,2.1.0,NA,NA,NA,NA,"testthat (>= 2.1.0), covr",NA,MIT + file LICENSE,NA,NA,NA,NA,yes,4.2.1
fastmap,/home/rstudio/.cache/R/renv/library/atlas2120-80930b45/R-4.2/x86_64-pc-linux-gnu,1.1.1,NA,NA,NA,NA,testthat (>= 2.1.1),NA,MIT + file LICENSE,NA,NA,NA,NA,yes,4.2.1
FeatureExtraction,/home/rstudio/.cache/R/renv/library/atlas2120-80930b45/R-4.2/x86_64-pc-linux-gnu,3.2.0,NA,"R (>= 3.2.2),
DatabaseConnector (>= 3.0.0),
Andromeda","methods,
dplyr,
rJava,
jsonlite,
SqlRender (>= 1.6.0),
ParallelLogger (>= 2.0.2),
cli,
pillar,
readr,
rlang,
RSQLite,
DBI",NA,"testthat,
knitr,
rmarkdown,
Eunomia,
withr",NA,Apache License 2.0,NA,NA,NA,NA,no,4.2.1
filelock,/home/rstudio/.cache/R/renv/library/atlas2120-80930b45/R-4.2/x86_64-pc-linux-gnu,1.0.2,NA,NA,NA,NA,"callr (>= 2.0.0), covr, testthat",NA,MIT + file LICENSE,NA,NA,NA,NA,yes,4.2.1
fontawesome,/home/rstudio/.cache/R/renv/library/atlas2120-80930b45/R-4.2/x86_64-pc-linux-gnu,0.5.2,NA,R (>= 3.3.0),"rlang (>= 1.0.6), htmltools (>= 0.5.1.1)",NA,"covr, dplyr (>= 1.0.8), knitr (>= 1.31), testthat (>= 3.0.0),
rsvg",NA,MIT + file LICENSE,NA,NA,NA,NA,no,4.2.1
fs,/home/rstudio/.cache/R/renv/library/atlas2120-80930b45/R-4.2/x86_64-pc-linux-gnu,1.6.3,NA,R (>= 3.4),methods,NA,"covr, crayon, knitr, pillar (>= 1.0.0), rmarkdown, spelling,
testthat (>= 3.0.0), tibble (>= 1.1.0), vctrs (>= 0.3.0), withr",NA,MIT + file LICENSE,NA,NA,NA,NA,yes,4.2.1
generics,/home/rstudio/.cache/R/renv/library/atlas2120-80930b45/R-4.2/x86_64-pc-linux-gnu,0.1.2,NA,R (>= 3.2),methods,NA,"covr, pkgload, testthat (>= 3.0.0), tibble, withr",NA,MIT + file LICENSE,NA,NA,NA,NA,no,4.2.1
gert,/home/rstudio/.cache/R/renv/library/atlas2120-80930b45/R-4.2/x86_64-pc-linux-gnu,1.9.3,NA,NA,"askpass, credentials (>= 1.2.1), openssl (>= 2.0.3),
rstudioapi (>= 0.11), sys, zip (>= 2.1.0)",NA,"spelling, knitr, rmarkdown, testthat",NA,MIT + file LICENSE,NA,NA,NA,NA,yes,4.2.1
ggplot2,/home/rstudio/.cache/R/renv/library/atlas2120-80930b45/R-4.2/x86_64-pc-linux-gnu,3.3.5,NA,R (>= 3.3),"digest, glue, grDevices, grid, gtable (>= 0.1.1), isoband,
MASS, mgcv, rlang (>= 0.4.10), scales (>= 0.5.0), stats,
tibble, withr (>= 2.0.0)",NA,"covr, ragg, dplyr, ggplot2movies, hexbin, Hmisc, interp,
knitr, lattice, mapproj, maps, maptools, multcomp, munsell,
nlme, profvis, quantreg, RColorBrewer, rgeos, rmarkdown, rpart,
sf (>= 0.7-3), svglite (>= 1.2.0.9001), testthat (>= 2.1.0),
vdiffr (>= 1.0.0), xml2",sp,MIT + file LICENSE,NA,NA,NA,NA,no,4.2.1
gh,/home/rstudio/.cache/R/renv/library/atlas2120-80930b45/R-4.2/x86_64-pc-linux-gnu,1.4.0,NA,R (>= 3.4),"cli (>= 3.0.1), gitcreds, httr2, ini, jsonlite, rlang (>=
1.0.0)",NA,"covr, knitr, mockery, rmarkdown, rprojroot, spelling,
testthat (>= 3.0.0), withr",NA,MIT + file LICENSE,NA,NA,NA,NA,no,4.2.1
gitcreds,/home/rstudio/.cache/R/renv/library/atlas2120-80930b45/R-4.2/x86_64-pc-linux-gnu,0.1.2,NA,R (>= 3.4),NA,NA,"codetools, covr, knitr, mockery, oskeyring, rmarkdown,
testthat (>= 3.0.0), withr",NA,MIT + file LICENSE,NA,NA,NA,NA,no,4.2.1
glue,/home/rstudio/.cache/R/renv/library/atlas2120-80930b45/R-4.2/x86_64-pc-linux-gnu,1.6.1,NA,R (>= 3.4),methods,NA,"covr, crayon, DBI, dplyr, forcats, ggplot2, knitr, magrittr,
microbenchmark, R.utils, rmarkdown, rprintf, RSQLite, stringr,
testthat (>= 3.0.0), vctrs (>= 0.3.0), waldo (>= 0.3.0), withr",NA,MIT + file LICENSE,NA,NA,NA,NA,yes,4.2.1
gridExtra,/home/rstudio/.cache/R/renv/library/atlas2120-80930b45/R-4.2/x86_64-pc-linux-gnu,2.3,NA,NA,"gtable, grid, grDevices, graphics, utils",NA,"ggplot2, egg, lattice, knitr, testthat",NA,GPL (>= 2),NA,NA,NA,NA,no,4.2.1
gtable,/home/rstudio/.cache/R/renv/library/atlas2120-80930b45/R-4.2/x86_64-pc-linux-gnu,0.3.0,NA,R (>= 3.0),grid,NA,"covr, testthat, knitr, rmarkdown, ggplot2, profvis",NA,GPL-2,NA,NA,NA,NA,no,4.2.1
highr,/home/rstudio/.cache/R/renv/library/atlas2120-80930b45/R-4.2/x86_64-pc-linux-gnu,0.1,NA,R (>= 3.3.0),xfun (>= 0.18),NA,"knitr, markdown, testit",NA,GPL,NA,NA,NA,NA,no,4.2.1
hms,/home/rstudio/.cache/R/renv/library/atlas2120-80930b45/R-4.2/x86_64-pc-linux-gnu,1.1.1,NA,NA,"ellipsis (>= 0.3.2), lifecycle, methods, pkgconfig, rlang,
vctrs (>= 0.3.8)",NA,"crayon, lubridate, pillar (>= 1.1.0), testthat (>= 3.0.0)",NA,MIT + file LICENSE,NA,NA,NA,NA,no,4.2.1
htmltools,/home/rstudio/.cache/R/renv/library/atlas2120-80930b45/R-4.2/x86_64-pc-linux-gnu,0.5.6,NA,R (>= 2.14.1),"utils, digest, grDevices, base64enc, rlang (>= 0.4.12),
fastmap (>= 1.1.0), ellipsis",NA,"markdown, testthat, withr, Cairo, ragg, shiny",knitr,GPL (>= 2),NA,NA,NA,NA,yes,4.2.1
htmlwidgets,/home/rstudio/.cache/R/renv/library/atlas2120-80930b45/R-4.2/x86_64-pc-linux-gnu,1.6.2,NA,NA,"grDevices, htmltools (>= 0.5.4), jsonlite (>= 0.9.16), yaml,
knitr (>= 1.8), rmarkdown",NA,testthat,shiny (>= 1.1),MIT + file LICENSE,NA,NA,NA,NA,no,4.2.1
httpuv,/home/rstudio/.cache/R/renv/library/atlas2120-80930b45/R-4.2/x86_64-pc-linux-gnu,1.6.11,NA,R (>= 2.15.1),"Rcpp (>= 1.0.7), utils, R6, promises, later (>= 0.8.0)","Rcpp, later","testthat, callr, curl, websocket",NA,GPL (>= 2) | file LICENSE,NA,NA,NA,NA,yes,4.2.1
httr,/home/rstudio/.cache/R/renv/library/atlas2120-80930b45/R-4.2/x86_64-pc-linux-gnu,1.4.7,NA,R (>= 3.5),"curl (>= 5.0.2), jsonlite, mime, openssl (>= 0.8), R6",NA,"covr, httpuv, jpeg, knitr, png, readr, rmarkdown, testthat
(>= 0.8.0), xml2",NA,MIT + file LICENSE,NA,NA,NA,NA,no,4.2.1
httr2,/home/rstudio/.cache/R/renv/library/atlas2120-80930b45/R-4.2/x86_64-pc-linux-gnu,0.2.3,NA,R (>= 3.4),"cli (>= 3.0.0), curl, glue, magrittr, openssl, R6, rappdirs,
rlang (>= 1.0.0), withr",NA,"askpass, bench, clipr, covr, docopt, httpuv, jose, jsonlite,
knitr, purrr, rmarkdown, testthat (>= 3.0.0), tibble, webfakes,
xml2",NA,MIT + file LICENSE,NA,NA,NA,NA,no,4.2.1
ini,/home/rstudio/.cache/R/renv/library/atlas2120-80930b45/R-4.2/x86_64-pc-linux-gnu,0.3.1,NA,NA,NA,NA,testthat,NA,GPL-3,NA,NA,NA,NA,no,4.2.1
isoband,/home/rstudio/.cache/R/renv/library/atlas2120-80930b45/R-4.2/x86_64-pc-linux-gnu,0.2.5,NA,NA,"grid, utils",NA,"covr, ggplot2, knitr, magick, microbenchmark, rmarkdown, sf,
testthat, xml2",NA,MIT + file LICENSE,NA,NA,NA,NA,yes,4.2.1
jquerylib,/home/rstudio/.cache/R/renv/library/atlas2120-80930b45/R-4.2/x86_64-pc-linux-gnu,0.1.4,NA,NA,htmltools,NA,testthat,NA,MIT + file LICENSE,NA,NA,NA,NA,no,4.2.1
jsonlite,/home/rstudio/.cache/R/renv/library/atlas2120-80930b45/R-4.2/x86_64-pc-linux-gnu,1.8.7,NA,methods,NA,NA,"httr, vctrs, testthat, knitr, rmarkdown, R.rsp, sf",NA,MIT + file LICENSE,NA,NA,NA,NA,yes,4.2.1
keyring,/home/rstudio/.cache/R/renv/library/atlas2120-80930b45/R-4.2/x86_64-pc-linux-gnu,1.3.0,NA,NA,"assertthat, askpass, openssl, R6, utils, sodium, yaml,
filelock, rappdirs, tools",NA,"callr, covr, mockery, testthat, withr",NA,MIT + file LICENSE,NA,NA,NA,NA,yes,4.2.1
knitr,/home/rstudio/.cache/R/renv/library/atlas2120-80930b45/R-4.2/x86_64-pc-linux-gnu,1.44,NA,R (>= 3.3.0),"evaluate (>= 0.15), highr, methods, tools, xfun (>= 0.39),
yaml (>= 2.1.19)",NA,"bslib, codetools, DBI (>= 0.4-1), digest, formatR, gifski,
gridSVG, htmlwidgets (>= 0.7), curl, jpeg, JuliaCall (>=
0.11.1), magick, markdown (>= 1.3), png, ragg, reticulate (>=
1.4), rgl (>= 0.95.1201), rlang, rmarkdown, sass, showtext,
styler (>= 1.2.0), targets (>= 0.6.0), testit, tibble,
tikzDevice (>= 0.10), tinytex (>= 0.46), webshot, rstudioapi,
svglite, xml2 (>= 1.2.0)",NA,GPL,NA,NA,NA,NA,no,4.2.1
labeling,/home/rstudio/.cache/R/renv/library/atlas2120-80930b45/R-4.2/x86_64-pc-linux-gnu,0.4.2,NA,NA,"stats, graphics",NA,NA,NA,MIT + file LICENSE | Unlimited,NA,NA,NA,NA,no,4.2.1
later,/home/rstudio/.cache/R/renv/library/atlas2120-80930b45/R-4.2/x86_64-pc-linux-gnu,1.3.1,NA,NA,"Rcpp (>= 0.12.9), rlang",Rcpp,"knitr, rmarkdown, testthat (>= 2.1.0)",NA,MIT + file LICENSE,NA,NA,NA,NA,yes,4.2.1
lazyeval,/home/rstudio/.cache/R/renv/library/atlas2120-80930b45/R-4.2/x86_64-pc-linux-gnu,0.2.2,NA,R (>= 3.1.0),NA,NA,"knitr, rmarkdown (>= 0.2.65), testthat, covr",NA,GPL-3,NA,NA,NA,NA,yes,4.2.1
lifecycle,/home/rstudio/.cache/R/renv/library/atlas2120-80930b45/R-4.2/x86_64-pc-linux-gnu,1.0.1,NA,R (>= 3.3),"glue, rlang (>= 0.4.10)",NA,"covr, crayon, lintr, tidyverse, knitr, rmarkdown, testthat
(>= 3.0.1), tools, tibble, vctrs",NA,MIT + file LICENSE,NA,NA,NA,NA,no,4.2.1
lubridate,/home/rstudio/.cache/R/renv/library/atlas2120-80930b45/R-4.2/x86_64-pc-linux-gnu,1.8.0,NA,"methods, R (>= 3.2)",generics,cpp11 (>= 0.2.7),"covr, knitr, testthat (>= 2.1.0), vctrs (>= 0.3.0), rmarkdown","chron, timeDate, tis, zoo",GPL (>= 2),NA,NA,NA,NA,yes,4.2.1
magrittr,/home/rstudio/.cache/R/renv/library/atlas2120-80930b45/R-4.2/x86_64-pc-linux-gnu,2.0.2,NA,NA,NA,NA,"covr, knitr, rlang, rmarkdown, testthat",NA,MIT + file LICENSE,NA,NA,NA,NA,yes,4.2.1
MASS,/home/rstudio/.cache/R/renv/library/atlas2120-80930b45/R-4.2/x86_64-pc-linux-gnu,7.3-54,recommended,"R (>= 3.3.0), grDevices, graphics, stats, utils",methods,NA,"lattice, nlme, nnet, survival",NA,GPL-2 | GPL-3,NA,NA,NA,NA,yes,4.2.1
Matrix,/home/rstudio/.cache/R/renv/library/atlas2120-80930b45/R-4.2/x86_64-pc-linux-gnu,1.3-4,recommended,R (>= 3.5.0),"methods, graphics, grid, stats, utils, lattice",NA,"expm, MASS","MatrixModels, graph, SparseM, sfsmisc, igraph, maptools, sp,
spdep",GPL (>= 2) | file LICENCE,NA,NA,NA,NA,yes,4.2.1
memoise,/home/rstudio/.cache/R/renv/library/atlas2120-80930b45/R-4.2/x86_64-pc-linux-gnu,2.0.1,NA,NA,"rlang (>= 0.4.10), cachem",NA,"digest, aws.s3, covr, googleAuthR, googleCloudStorageR, httr,
testthat",NA,MIT + file LICENSE,NA,NA,NA,NA,no,4.2.1
MethodEvaluation,/home/rstudio/.cache/R/renv/library/atlas2120-80930b45/R-4.2/x86_64-pc-linux-gnu,2.2.0,NA,"R (>= 3.2.0),
DatabaseConnector (>= 4.0.2),
FeatureExtraction (>= 3.0.0),
Cyclops (>= 3.0.0)","dplyr,
bit64,
readr,
purrr,
rlang,
SqlRender (>= 1.7.0),
pROC,
ggplot2,
ParallelLogger (>= 2.0.0),
methods,
EmpiricalCalibration",NA,"Eunomia,
testthat,
DT,
shiny,
knitr,
rmarkdown",NA,Apache License 2.0,NA,NA,NA,NA,NA,4.2.1
mgcv,/home/rstudio/.cache/R/renv/library/atlas2120-80930b45/R-4.2/x86_64-pc-linux-gnu,1.8-38,recommended,"R (>= 3.6.0), nlme (>= 3.1-64)","methods, stats, graphics, Matrix, splines, utils",NA,"parallel, survival, MASS",NA,GPL (>= 2),NA,NA,NA,NA,yes,4.2.1
mime,/home/rstudio/.cache/R/renv/library/atlas2120-80930b45/R-4.2/x86_64-pc-linux-gnu,0.12,NA,NA,tools,NA,NA,NA,GPL,NA,NA,NA,NA,yes,4.2.1
miniUI,/home/rstudio/.cache/R/renv/library/atlas2120-80930b45/R-4.2/x86_64-pc-linux-gnu,0.1.1.1,NA,NA,"shiny (>= 0.13), htmltools (>= 0.3), utils",NA,NA,NA,GPL-3,NA,NA,NA,NA,no,4.2.1
munsell,/home/rstudio/.cache/R/renv/library/atlas2120-80930b45/R-4.2/x86_64-pc-linux-gnu,0.5.0,NA,NA,"colorspace, methods",NA,"ggplot2, testthat",NA,MIT + file LICENSE,NA,NA,NA,NA,no,4.2.1
nlme,/home/rstudio/.cache/R/renv/library/atlas2120-80930b45/R-4.2/x86_64-pc-linux-gnu,3.1-153,recommended,R (>= 3.4.0),"graphics, stats, utils, lattice",NA,"Hmisc, MASS",NA,GPL (>= 2) | file LICENCE,NA,NA,NA,NA,yes,4.2.1
OhdsiSharing,/home/rstudio/.cache/R/renv/library/atlas2120-80930b45/R-4.2/x86_64-pc-linux-gnu,0.2.2,NA,NA,"rJava,
ParallelLogger",NA,testthat,NA,Apache License,NA,NA,NA,NA,NA,4.2.1
openssl,/home/rstudio/.cache/R/renv/library/atlas2120-80930b45/R-4.2/x86_64-pc-linux-gnu,1.4.6,NA,NA,askpass,NA,"testthat (>= 2.1.0), digest, knitr, rmarkdown, jsonlite,
jose, sodium",NA,MIT + file LICENSE,NA,NA,NA,NA,yes,4.2.1
ParallelLogger,/home/rstudio/.cache/R/renv/library/atlas2120-80930b45/R-4.2/x86_64-pc-linux-gnu,3.0.0,NA,R (>= 4.0.0),"snow, xml2, jsonlite, methods, utils",NA,"mailR, testthat, shiny, DT, knitr, rmarkdown",NA,Apache License 2.0,NA,NA,NA,NA,no,4.2.1
pillar,/home/rstudio/.cache/R/renv/library/atlas2120-80930b45/R-4.2/x86_64-pc-linux-gnu,1.6.5,NA,NA,"cli (>= 2.3.0), crayon (>= 1.3.4), ellipsis (>= 0.3.2), fansi,
glue, lifecycle, rlang (>= 0.3.0), utf8 (>= 1.1.0), utils,
vctrs (>= 0.3.8)",NA,"bit64, debugme, DiagrammeR, dplyr, formattable, ggplot2,
knitr, lubridate, nanotime, nycflights13, palmerpenguins,
rmarkdown, scales, stringi, survival, testthat (>= 3.1.1),
tibble, units (>= 0.7.2), vdiffr, withr",NA,MIT + file LICENSE,NA,NA,NA,NA,no,4.2.1
pkgbuild,/home/rstudio/.cache/R/renv/library/atlas2120-80930b45/R-4.2/x86_64-pc-linux-gnu,1.4.2,NA,R (>= 3.4),"callr (>= 3.2.0), cli (>= 3.4.0), crayon, desc, prettyunits,
processx, R6, rprojroot",NA,"covr, cpp11, knitr, mockery, Rcpp, rmarkdown, testthat (>=
3.0.0), withr (>= 2.3.0)",NA,MIT + file LICENSE,NA,NA,NA,NA,no,4.2.1
pkgconfig,/home/rstudio/.cache/R/renv/library/atlas2120-80930b45/R-4.2/x86_64-pc-linux-gnu,2.0.3,NA,NA,utils,NA,"covr, testthat, disposables (>= 1.0.3)",NA,MIT + file LICENSE,NA,NA,NA,NA,no,4.2.1
pkgdown,/home/rstudio/.cache/R/renv/library/atlas2120-80930b45/R-4.2/x86_64-pc-linux-gnu,2.0.7,NA,R (>= 3.1.0),"bslib (>= 0.3.1), callr (>= 3.7.3), cli, desc, digest, downlit
(>= 0.4.0), fs (>= 1.4.0), httr (>= 1.4.2), jsonlite, magrittr,
memoise, purrr, ragg, rlang (>= 1.0.0), rmarkdown (>=
1.1.9007), tibble, whisker, withr (>= 2.4.3), xml2 (>= 1.3.1),
yaml",NA,"covr, diffviewer, evaluate, htmltools, htmlwidgets, knitr,
lifecycle, methods, openssl, pkgload (>= 1.0.2), rsconnect,
rstudioapi, rticles, sass, testthat (>= 3.1.3), tools",NA,MIT + file LICENSE,NA,NA,NA,NA,no,4.2.1
pkgload,/home/rstudio/.cache/R/renv/library/atlas2120-80930b45/R-4.2/x86_64-pc-linux-gnu,1.3.2.1,NA,R (>= 3.4.0),"cli (>= 3.3.0), crayon, desc, fs, glue, methods, rlang (>=
1.0.3), rprojroot, utils, withr (>= 2.4.3)",NA,"bitops, covr, mathjaxr, mockr, pak, pkgbuild, Rcpp, remotes,
rstudioapi, testthat (>= 3.1.0)",NA,GPL-3,NA,NA,NA,NA,no,4.2.1
plogr,/home/rstudio/.cache/R/renv/library/atlas2120-80930b45/R-4.2/x86_64-pc-linux-gnu,0.2.0,NA,NA,NA,NA,Rcpp,NA,MIT + file LICENSE,NA,NA,NA,NA,no,4.2.1
plyr,/home/rstudio/.cache/R/renv/library/atlas2120-80930b45/R-4.2/x86_64-pc-linux-gnu,1.8.6,NA,R (>= 3.1.0),Rcpp (>= 0.11.0),Rcpp,"abind, covr, doParallel, foreach, iterators, itertools,
tcltk, testthat",NA,MIT + file LICENSE,NA,NA,NA,NA,yes,4.2.1
praise,/home/rstudio/.cache/R/renv/library/atlas2120-80930b45/R-4.2/x86_64-pc-linux-gnu,1.0.0,NA,NA,NA,NA,testthat,NA,MIT + file LICENSE,NA,NA,NA,NA,no,4.2.1
prettyunits,/home/rstudio/.cache/R/renv/library/atlas2120-80930b45/R-4.2/x86_64-pc-linux-gnu,1.1.1,NA,NA,NA,NA,"codetools, covr, testthat",NA,MIT + file LICENSE,NA,NA,NA,NA,no,4.2.1
pROC,/home/rstudio/.cache/R/renv/library/atlas2120-80930b45/R-4.2/x86_64-pc-linux-gnu,1.18.0,NA,R (>= 2.14),"methods, plyr, Rcpp (>= 0.11.1)",Rcpp,"microbenchmark, tcltk, MASS, logcondens, doParallel,
testthat, vdiffr, ggplot2",NA,GPL (>= 3),NA,NA,NA,NA,yes,4.2.1
processx,/home/rstudio/.cache/R/renv/library/atlas2120-80930b45/R-4.2/x86_64-pc-linux-gnu,3.8.2,NA,R (>= 3.4.0),"ps (>= 1.2.0), R6, utils",NA,"callr (>= 3.7.3), cli (>= 3.3.0), codetools, covr, curl,
debugme, parallel, rlang (>= 1.0.2), testthat (>= 3.0.0),
webfakes, withr",NA,MIT + file LICENSE,NA,NA,NA,NA,yes,4.2.1
profvis,/home/rstudio/.cache/R/renv/library/atlas2120-80930b45/R-4.2/x86_64-pc-linux-gnu,0.3.8,NA,R (>= 3.0),"htmlwidgets (>= 0.3.2), purrr, rlang (>= 0.4.9), stringr,
vctrs",NA,"knitr, ggplot2, rmarkdown, testthat (>= 3.0.0), devtools,
shiny, htmltools",NA,GPL-3 | file LICENSE,NA,NA,NA,NA,yes,4.2.1
progress,/home/rstudio/.cache/R/renv/library/atlas2120-80930b45/R-4.2/x86_64-pc-linux-gnu,1.2.2,NA,NA,"hms, prettyunits, R6, crayon",NA,"Rcpp, testthat, withr",NA,MIT + file LICENSE,NA,NA,NA,NA,no,4.2.1
promises,/home/rstudio/.cache/R/renv/library/atlas2120-80930b45/R-4.2/x86_64-pc-linux-gnu,1.2.1,NA,NA,"fastmap (>= 1.1.0), later, magrittr (>= 1.5), R6, Rcpp, rlang,
stats","later, Rcpp","future (>= 1.21.0), knitr, purrr, rmarkdown, spelling,
testthat, vembedr",NA,MIT + file LICENSE,NA,NA,NA,NA,yes,4.2.1
ps,/home/rstudio/.cache/R/renv/library/atlas2120-80930b45/R-4.2/x86_64-pc-linux-gnu,1.7.5,NA,R (>= 3.4),utils,NA,"callr, covr, curl, pillar, pingr, processx (>= 3.1.0), R6,
rlang, testthat (>= 3.0.0), webfakes",NA,MIT + file LICENSE,NA,NA,NA,NA,yes,4.2.1
purrr,/home/rstudio/.cache/R/renv/library/atlas2120-80930b45/R-4.2/x86_64-pc-linux-gnu,0.3.4,NA,R (>= 3.2),"magrittr (>= 1.5), rlang (>= 0.3.1)",NA,"covr, crayon, dplyr (>= 0.7.8), knitr, rmarkdown, testthat,
tibble, tidyselect",NA,GPL-3 | file LICENSE,NA,NA,NA,NA,yes,4.2.1
R6,/home/rstudio/.cache/R/renv/library/atlas2120-80930b45/R-4.2/x86_64-pc-linux-gnu,2.5.1,NA,R (>= 3.0),NA,NA,"testthat, pryr",NA,MIT + file LICENSE,NA,NA,NA,NA,no,4.2.1
ragg,/home/rstudio/.cache/R/renv/library/atlas2120-80930b45/R-4.2/x86_64-pc-linux-gnu,1.2.5,NA,NA,"systemfonts (>= 1.0.3), textshaping (>= 0.3.0)","systemfonts, textshaping","covr, graphics, grid, testthat",NA,MIT + file LICENSE,NA,NA,NA,NA,yes,4.2.1
rappdirs,/home/rstudio/.cache/R/renv/library/atlas2120-80930b45/R-4.2/x86_64-pc-linux-gnu,0.3.3,NA,R (>= 3.2),NA,NA,"roxygen2, testthat (>= 3.0.0), covr, withr",NA,MIT + file LICENSE,NA,NA,NA,NA,yes,4.2.1
rcmdcheck,/home/rstudio/.cache/R/renv/library/atlas2120-80930b45/R-4.2/x86_64-pc-linux-gnu,1.4.0,NA,NA,"callr (>= 3.1.1.9000), cli (>= 3.0.0), curl, desc (>= 1.2.0),
digest, pkgbuild, prettyunits, R6, rprojroot, sessioninfo (>=
1.1.1), utils, withr, xopen",NA,"covr, knitr, mockery, processx, ps, rmarkdown, svglite,
testthat, webfakes",NA,MIT + file LICENSE,NA,NA,NA,NA,no,4.2.1
RColorBrewer,/home/rstudio/.cache/R/renv/library/atlas2120-80930b45/R-4.2/x86_64-pc-linux-gnu,1.1-2,NA,R (>= 2.0.0),NA,NA,NA,NA,Apache License 2.0,NA,NA,NA,NA,no,4.2.1
Rcpp,/home/rstudio/.cache/R/renv/library/atlas2120-80930b45/R-4.2/x86_64-pc-linux-gnu,1.0.8,NA,NA,"methods, utils",NA,"tinytest, inline, rbenchmark, pkgKitten (>= 0.1.2)",NA,GPL (>= 2),NA,NA,NA,NA,yes,4.2.1
RcppEigen,/home/rstudio/.cache/R/renv/library/atlas2120-80930b45/R-4.2/x86_64-pc-linux-gnu,0.3.3.9.1,NA,NA,"Matrix (>= 1.1-0), Rcpp (>= 0.11.0), stats, utils",Rcpp,"inline, tinytest, pkgKitten, microbenchmark",NA,GPL (>= 2) | file LICENSE,NA,NA,NA,NA,yes,4.2.1
readr,/home/rstudio/.cache/R/renv/library/atlas2120-80930b45/R-4.2/x86_64-pc-linux-gnu,2.1.2,NA,R (>= 3.1),"cli (>= 3.0.0), clipr, crayon, hms (>= 0.4.1), lifecycle (>=
0.2.0), methods, R6, rlang, tibble, utils, vroom (>= 1.5.6)","cpp11, tzdb (>= 0.1.1)","covr, curl, datasets, knitr, rmarkdown, spelling, stringi,
testthat (>= 3.1.2), tzdb (>= 0.1.1), waldo, withr, xml2",NA,MIT + file LICENSE,NA,NA,NA,NA,yes,4.2.1
rematch2,/home/rstudio/.cache/R/renv/library/atlas2120-80930b45/R-4.2/x86_64-pc-linux-gnu,2.1.2,NA,NA,tibble,NA,"covr, testthat",NA,MIT + file LICENSE,NA,NA,NA,NA,no,4.2.1
remotes,/home/rstudio/.cache/R/renv/library/atlas2120-80930b45/R-4.2/x86_64-pc-linux-gnu,2.4.2.1,NA,R (>= 3.0.0),"methods, stats, tools, utils",NA,"brew, callr, codetools, curl, covr, git2r (>= 0.23.0), knitr,
mockery, pkgbuild (>= 1.0.1), pingr, rmarkdown, rprojroot,
testthat, webfakes, withr",NA,MIT + file LICENSE,NA,NA,NA,NA,no,4.2.1
renv,/home/rstudio/.cache/R/renv/library/atlas2120-80930b45/R-4.2/x86_64-pc-linux-gnu,1.0.2,NA,NA,utils,NA,"BiocManager, cli, covr, cpp11, devtools, gitcreds, jsonlite,
knitr, miniUI, packrat, pak, R6, remotes, reticulate,
rmarkdown, rstudioapi, shiny, testthat, uuid, waldo, yaml,
webfakes",NA,MIT + file LICENSE,NA,NA,NA,NA,no,4.2.1
rJava,/home/rstudio/.cache/R/renv/library/atlas2120-80930b45/R-4.2/x86_64-pc-linux-gnu,1.0-6,NA,"R (>= 3.6.0), methods",NA,NA,NA,NA,LGPL-2.1,NA,NA,NA,NA,yes,4.2.1
RJSONIO,/home/rstudio/.cache/R/renv/library/atlas2120-80930b45/R-4.2/x86_64-pc-linux-gnu,1.3-1.6,NA,NA,methods,NA,NA,NA,BSD_3_clause + file LICENSE,NA,NA,NA,NA,yes,4.2.1
rlang,/home/rstudio/.cache/R/renv/library/atlas2120-80930b45/R-4.2/x86_64-pc-linux-gnu,1.1.1,NA,R (>= 3.5.0),utils,NA,"cli (>= 3.1.0), covr, crayon, fs, glue, knitr, magrittr,
methods, pillar, rmarkdown, stats, testthat (>= 3.0.0), tibble,
usethis, vctrs (>= 0.2.3), withr",winch,MIT + file LICENSE,NA,NA,NA,NA,yes,4.2.1
rmarkdown,/home/rstudio/.cache/R/renv/library/atlas2120-80930b45/R-4.2/x86_64-pc-linux-gnu,2.24,NA,R (>= 3.0),"bslib (>= 0.2.5.1), evaluate (>= 0.13), fontawesome (>=
0.5.0), htmltools (>= 0.5.1), jquerylib, jsonlite, knitr (>=
1.22), methods, stringr (>= 1.2.0), tinytex (>= 0.31), tools,
utils, xfun (>= 0.36), yaml (>= 2.1.19)",NA,"digest, dygraphs, fs, rsconnect, downlit (>= 0.4.0), katex
(>= 1.4.0), sass (>= 0.4.0), shiny (>= 1.6.0), testthat (>=
3.0.3), tibble, vctrs, cleanrmd, withr (>= 2.4.2)",NA,GPL-3,NA,NA,NA,NA,no,4.2.1
roxygen2,/home/rstudio/.cache/R/renv/library/atlas2120-80930b45/R-4.2/x86_64-pc-linux-gnu,7.2.3,NA,R (>= 3.3),"brew, cli (>= 3.3.0), commonmark, desc (>= 1.2.0), knitr,
methods, pkgload (>= 1.0.2), purrr (>= 0.3.3), R6 (>= 2.1.2),
rlang (>= 1.0.6), stringi, stringr (>= 1.0.0), utils, withr,
xml2",cpp11,"covr, R.methodsS3, R.oo, rmarkdown (>= 2.16), testthat (>=
3.1.2), yaml",NA,MIT + file LICENSE,NA,NA,NA,NA,yes,4.2.1
rprojroot,/home/rstudio/.cache/R/renv/library/atlas2120-80930b45/R-4.2/x86_64-pc-linux-gnu,2.0.3,NA,R (>= 3.0.0),NA,NA,"covr, knitr, lifecycle, mockr, rmarkdown, testthat (>=
3.0.0), withr",NA,MIT + file LICENSE,NA,NA,NA,NA,no,4.2.1
RSQLite,/home/rstudio/.cache/R/renv/library/atlas2120-80930b45/R-4.2/x86_64-pc-linux-gnu,2.2.9,NA,R (>= 3.1.0),"bit64, blob (>= 1.2.0), DBI (>= 1.1.0), memoise, methods,
pkgconfig, Rcpp (>= 1.0.7)","plogr (>= 0.2.0), Rcpp","DBItest (>= 1.7.0), gert, gh, knitr, rmarkdown, hms, rvest,
testthat, xml2",NA,LGPL (>= 2.1),NA,NA,NA,NA,yes,4.2.1
rstudioapi,/home/rstudio/.cache/R/renv/library/atlas2120-80930b45/R-4.2/x86_64-pc-linux-gnu,0.15.0,NA,NA,NA,NA,"testthat, knitr, rmarkdown, clipr, covr",NA,MIT + file LICENSE,NA,NA,NA,NA,no,4.2.1
rversions,/home/rstudio/.cache/R/renv/library/atlas2120-80930b45/R-4.2/x86_64-pc-linux-gnu,2.1.2,NA,NA,"curl, utils, xml2 (>= 1.0.0)",NA,"covr, mockery, testthat",NA,MIT + file LICENSE,NA,NA,NA,NA,no,4.2.1
sass,/home/rstudio/.cache/R/renv/library/atlas2120-80930b45/R-4.2/x86_64-pc-linux-gnu,0.4.7,NA,NA,"fs (>= 1.2.4), rlang (>= 0.4.10), htmltools (>= 0.5.1), R6,
rappdirs",NA,"testthat, knitr, rmarkdown, withr, shiny, curl",NA,MIT + file LICENSE,NA,NA,NA,NA,yes,4.2.1
scales,/home/rstudio/.cache/R/renv/library/atlas2120-80930b45/R-4.2/x86_64-pc-linux-gnu,1.1.1,NA,R (>= 3.2),"farver (>= 2.0.3), labeling, lifecycle, munsell (>= 0.5), R6,
RColorBrewer, viridisLite",NA,"bit64, covr, dichromat, ggplot2, hms (>= 0.5.0), testthat (>=
2.1.0)",NA,MIT + file LICENSE,NA,NA,NA,NA,no,4.2.1
sessioninfo,/home/rstudio/.cache/R/renv/library/atlas2120-80930b45/R-4.2/x86_64-pc-linux-gnu,1.2.2,NA,R (>= 2.10),"cli (>= 3.1.0), tools, utils",NA,"callr, covr, mockery, reticulate, rmarkdown, testthat, withr",NA,GPL-2,NA,NA,NA,NA,no,4.2.1
shiny,/home/rstudio/.cache/R/renv/library/atlas2120-80930b45/R-4.2/x86_64-pc-linux-gnu,1.7.5,NA,"R (>= 3.0.2), methods","utils, grDevices, httpuv (>= 1.5.2), mime (>= 0.3), jsonlite
(>= 0.9.16), xtable, fontawesome (>= 0.4.0), htmltools (>=
0.5.4), R6 (>= 2.0), sourcetools, later (>= 1.0.0), promises
(>= 1.1.0), tools, crayon, rlang (>= 0.4.10), fastmap (>=
1.1.1), withr, commonmark (>= 1.7), glue (>= 1.3.2), bslib (>=
0.3.0), cachem, ellipsis, lifecycle (>= 0.2.0)",NA,"datasets, Cairo (>= 1.5-5), testthat (>= 3.0.0), knitr (>=
1.6), markdown, rmarkdown, ggplot2, reactlog (>= 1.0.0),
magrittr, yaml, future, dygraphs, ragg, showtext, sass",NA,GPL-3 | file LICENSE,NA,NA,NA,NA,no,4.2.1
snow,/home/rstudio/.cache/R/renv/library/atlas2120-80930b45/R-4.2/x86_64-pc-linux-gnu,0.4-4,NA,"R (>= 2.13.1), utils",NA,NA,rlecuyer,Rmpi,GPL,NA,NA,NA,NA,no,4.2.1
sodium,/home/rstudio/.cache/R/renv/library/atlas2120-80930b45/R-4.2/x86_64-pc-linux-gnu,1.2.0,NA,NA,NA,NA,"knitr, rmarkdown",NA,MIT + file LICENSE,NA,NA,NA,NA,yes,4.2.1
sourcetools,/home/rstudio/.cache/R/renv/library/atlas2120-80930b45/R-4.2/x86_64-pc-linux-gnu,0.1.7-1,NA,R (>= 3.0.2),NA,NA,testthat,NA,MIT + file LICENSE,NA,NA,NA,NA,yes,4.2.1
SqlRender,/home/rstudio/.cache/R/renv/library/atlas2120-80930b45/R-4.2/x86_64-pc-linux-gnu,1.8.3,NA,NA,"rJava, rlang",NA,"testthat, knitr, rmarkdown, shiny, shinydashboard",NA,Apache License 2.0,NA,NA,NA,NA,no,4.2.1
stringi,/home/rstudio/.cache/R/renv/library/atlas2120-80930b45/R-4.2/x86_64-pc-linux-gnu,1.7.6,NA,R (>= 3.1),"tools, utils, stats",NA,NA,NA,file LICENSE,yes,NA,NA,NA,yes,4.2.1
stringr,/home/rstudio/.cache/R/renv/library/atlas2120-80930b45/R-4.2/x86_64-pc-linux-gnu,1.4.0,NA,R (>= 3.1),"glue (>= 1.2.0), magrittr, stringi (>= 1.1.7)",NA,"covr, htmltools, htmlwidgets, knitr, rmarkdown, testthat",NA,GPL-2 | file LICENSE,NA,NA,NA,NA,no,4.2.1
survival,/home/rstudio/.cache/R/renv/library/atlas2120-80930b45/R-4.2/x86_64-pc-linux-gnu,3.2-13,recommended,R (>= 3.5.0),"graphics, Matrix, methods, splines, stats, utils",NA,NA,NA,LGPL (>= 2),NA,NA,NA,NA,yes,4.2.1
sys,/home/rstudio/.cache/R/renv/library/atlas2120-80930b45/R-4.2/x86_64-pc-linux-gnu,3.4,NA,NA,NA,NA,"unix (>= 1.4), spelling, testthat",NA,MIT + file LICENSE,NA,NA,NA,NA,yes,4.2.1
systemfonts,/home/rstudio/.cache/R/renv/library/atlas2120-80930b45/R-4.2/x86_64-pc-linux-gnu,1.0.4,NA,R (>= 3.2.0),NA,cpp11 (>= 0.2.1),"testthat (>= 2.1.0), covr, knitr, rmarkdown, tools",NA,MIT + file LICENSE,NA,NA,NA,NA,yes,4.2.1
testthat,/home/rstudio/.cache/R/renv/library/atlas2120-80930b45/R-4.2/x86_64-pc-linux-gnu,3.1.10,NA,R (>= 3.1),"brio, callr (>= 3.5.1), cli (>= 3.4.0), desc, digest, ellipsis
(>= 0.2.0), evaluate, jsonlite, lifecycle, magrittr, methods,
pkgload (>= 1.3.0), praise, processx (>= 3.8.2), ps (>= 1.3.4),
R6 (>= 2.2.0), rlang (>= 1.1.0), utils, waldo (>= 0.5.0), withr
(>= 2.4.3)",NA,"covr, curl (>= 0.9.5), diffviewer (>= 0.1.0), knitr,
rmarkdown, rstudioapi, shiny, usethis, vctrs (>= 0.1.0), xml2",NA,MIT + file LICENSE,NA,NA,NA,NA,yes,4.2.1
textshaping,/home/rstudio/.cache/R/renv/library/atlas2120-80930b45/R-4.2/x86_64-pc-linux-gnu,0.3.6,NA,R (>= 3.2.0),systemfonts (>= 1.0.0),"cpp11 (>= 0.2.1), systemfonts (>= 1.0.0)","covr, knitr, rmarkdown",NA,MIT + file LICENSE,NA,NA,NA,NA,yes,4.2.1
tibble,/home/rstudio/.cache/R/renv/library/atlas2120-80930b45/R-4.2/x86_64-pc-linux-gnu,3.1.6,NA,R (>= 3.1.0),"ellipsis (>= 0.3.2), fansi (>= 0.4.0), lifecycle (>= 1.0.0),
magrittr, methods, pillar (>= 1.6.2), pkgconfig, rlang (>=
0.4.3), utils, vctrs (>= 0.3.8)",NA,"bench, bit64, blob, brio, callr, cli, covr, crayon (>=
1.3.4), DiagrammeR, dplyr, evaluate, formattable, ggplot2, hms,
htmltools, knitr, lubridate, mockr, nycflights13, pkgbuild,
pkgload, purrr, rmarkdown, stringi, testthat (>= 3.0.2), tidyr,
withr",NA,MIT + file LICENSE,NA,NA,NA,NA,yes,4.2.1
tidyselect,/home/rstudio/.cache/R/renv/library/atlas2120-80930b45/R-4.2/x86_64-pc-linux-gnu,1.1.1,NA,R (>= 3.2),"ellipsis, glue (>= 1.3.0), purrr (>= 0.3.2), rlang (>= 0.4.6),
vctrs (>= 0.3.0)",NA,"covr, crayon, dplyr, knitr, magrittr, rmarkdown, testthat (>=
2.3.0), tibble (>= 2.1.3), withr",NA,MIT + file LICENSE,NA,NA,NA,NA,yes,4.2.1
timechange,/home/rstudio/.cache/R/renv/library/atlas2120-80930b45/R-4.2/x86_64-pc-linux-gnu,0.2.0,NA,R (>= 3.3),NA,cpp11 (>= 0.2.7),"testthat (>= 0.7.1.99), knitr",NA,GPL-3,NA,NA,NA,NA,yes,4.2.1
tinytex,/home/rstudio/.cache/R/renv/library/atlas2120-80930b45/R-4.2/x86_64-pc-linux-gnu,0.46,NA,NA,xfun (>= 0.29),NA,"testit, rstudioapi",NA,MIT + file LICENSE,NA,NA,NA,NA,no,4.2.1
triebeard,/home/rstudio/.cache/R/renv/library/atlas2120-80930b45/R-4.2/x86_64-pc-linux-gnu,0.3.0,NA,NA,Rcpp,Rcpp,"knitr, rmarkdown, testthat",NA,MIT + file LICENSE,NA,NA,NA,NA,yes,4.2.1
tzdb,/home/rstudio/.cache/R/renv/library/atlas2120-80930b45/R-4.2/x86_64-pc-linux-gnu,0.2.0,NA,R (>= 3.3),NA,cpp11 (>= 0.4.0),"covr, testthat (>= 3.0.0)",NA,MIT + file LICENSE,NA,NA,NA,NA,yes,4.2.1
urlchecker,/home/rstudio/.cache/R/renv/library/atlas2120-80930b45/R-4.2/x86_64-pc-linux-gnu,1.0.1,NA,R (>= 3.3),"cli, curl, tools, xml2",NA,covr,NA,GPL-3,NA,NA,NA,NA,no,4.2.1
urltools,/home/rstudio/.cache/R/renv/library/atlas2120-80930b45/R-4.2/x86_64-pc-linux-gnu,1.7.3,NA,R (>= 2.10),"Rcpp, methods, triebeard",Rcpp,"testthat, knitr",NA,MIT + file LICENSE,NA,NA,NA,NA,yes,4.2.1
usethis,/home/rstudio/.cache/R/renv/library/atlas2120-80930b45/R-4.2/x86_64-pc-linux-gnu,2.2.2,NA,R (>= 3.6),"cli (>= 3.0.1), clipr (>= 0.3.0), crayon, curl (>= 2.7), desc
(>= 1.4.2), fs (>= 1.3.0), gert (>= 1.4.1), gh (>= 1.2.1), glue
(>= 1.3.0), jsonlite, lifecycle (>= 1.0.0), purrr, rappdirs,
rlang (>= 1.1.0), rprojroot (>= 1.2), rstudioapi, stats, utils,
whisker, withr (>= 2.3.0), yaml",NA,"covr, knitr, magick, pkgload, rmarkdown, roxygen2 (>= 7.1.2),
spelling (>= 1.2), styler (>= 1.2.0), testthat (>= 3.1.8)",NA,MIT + file LICENSE,NA,NA,NA,NA,no,4.2.1
utf8,/home/rstudio/.cache/R/renv/library/atlas2120-80930b45/R-4.2/x86_64-pc-linux-gnu,1.2.2,NA,R (>= 2.10),NA,NA,"cli, covr, knitr, rlang, rmarkdown, testthat (>= 3.0.0),
withr",NA,Apache License (== 2.0) | file LICENSE,NA,NA,NA,NA,yes,4.2.1
vctrs,/home/rstudio/.cache/R/renv/library/atlas2120-80930b45/R-4.2/x86_64-pc-linux-gnu,0.3.8,NA,R (>= 3.3),"ellipsis (>= 0.2.0), glue, rlang (>= 0.4.10)",NA,"bit64, covr, crayon, dplyr (>= 0.8.5), generics, knitr,
pillar (>= 1.4.4), pkgdown, rmarkdown, testthat (>= 2.3.0),
tibble, withr, xml2, waldo (>= 0.2.0), zeallot",NA,MIT + file LICENSE,NA,NA,NA,NA,yes,4.2.1
viridisLite,/home/rstudio/.cache/R/renv/library/atlas2120-80930b45/R-4.2/x86_64-pc-linux-gnu,0.4.0,NA,R (>= 2.10),NA,NA,"hexbin (>= 1.27.0), ggplot2 (>= 1.0.1), testthat, covr",NA,MIT + file LICENSE,NA,NA,NA,NA,no,4.2.1
vroom,/home/rstudio/.cache/R/renv/library/atlas2120-80930b45/R-4.2/x86_64-pc-linux-gnu,1.5.7,NA,R (>= 3.1),"bit64, crayon, cli, glue, hms, lifecycle, methods, rlang (>=
0.4.2), stats, tibble (>= 2.0.0), tzdb (>= 0.1.1), vctrs (>=
0.2.0), tidyselect, withr","progress (>= 1.2.1), cpp11 (>= 0.2.0), tzdb (>= 0.1.1)","archive, bench (>= 1.1.0), covr, curl, dplyr, forcats, fs,
ggplot2, knitr, patchwork, prettyunits, purrr, rmarkdown,
rstudioapi, scales, spelling, testthat (>= 2.1.0), tidyr,
utils, waldo, xml2",NA,MIT + file LICENSE,NA,NA,NA,NA,yes,4.2.1
waldo,/home/rstudio/.cache/R/renv/library/atlas2120-80930b45/R-4.2/x86_64-pc-linux-gnu,0.5.1,NA,NA,"cli, diffobj (>= 0.3.4), fansi, glue, methods, rematch2, rlang
(>= 1.0.0), tibble",NA,"covr, R6, testthat (>= 3.0.0), withr, xml2",NA,MIT + file LICENSE,NA,NA,NA,NA,no,4.2.1
whisker,/home/rstudio/.cache/R/renv/library/atlas2120-80930b45/R-4.2/x86_64-pc-linux-gnu,0.4.1,NA,NA,NA,NA,markdown,NA,GPL-3,NA,NA,NA,NA,no,4.2.1
withr,/home/rstudio/.cache/R/renv/library/atlas2120-80930b45/R-4.2/x86_64-pc-linux-gnu,2.4.3,NA,R (>= 3.2.0),"graphics, grDevices, stats",NA,"callr, covr, DBI, knitr, lattice, methods, rmarkdown,
RSQLite, testthat (>= 3.0.0)",NA,MIT + file LICENSE,NA,NA,NA,NA,no,4.2.1
xfun,/home/rstudio/.cache/R/renv/library/atlas2120-80930b45/R-4.2/x86_64-pc-linux-gnu,0.4,NA,NA,"stats, tools",NA,"testit, parallel, codetools, rstudioapi, tinytex (>= 0.30),
mime, markdown (>= 1.5), knitr (>= 1.42), htmltools, remotes,
pak, rhub, renv, curl, jsonlite, magick, yaml, rmarkdown",NA,MIT + file LICENSE,NA,NA,NA,NA,yes,4.2.1
xml2,/home/rstudio/.cache/R/renv/library/atlas2120-80930b45/R-4.2/x86_64-pc-linux-gnu,1.3.3,NA,R (>= 3.1.0),methods,NA,"covr, curl, httr, knitr, magrittr, mockery, rmarkdown,
testthat (>= 2.1.0)",NA,MIT + file LICENSE,NA,NA,NA,NA,yes,4.2.1
xopen,/home/rstudio/.cache/R/renv/library/atlas2120-80930b45/R-4.2/x86_64-pc-linux-gnu,1.0.0,NA,R (>= 3.1),processx,NA,"ps, testthat",NA,MIT + file LICENSE,NA,NA,NA,NA,no,4.2.1
xtable,/home/rstudio/.cache/R/renv/library/atlas2120-80930b45/R-4.2/x86_64-pc-linux-gnu,1.8-4,NA,R (>= 2.10.0),"stats, utils",NA,"knitr, plm, zoo, survival",NA,GPL (>= 2),NA,NA,NA,NA,no,4.2.1
yaml,/home/rstudio/.cache/R/renv/library/atlas2120-80930b45/R-4.2/x86_64-pc-linux-gnu,2.2.2,NA,NA,NA,NA,RUnit,NA,BSD_3_clause + file LICENSE,NA,NA,NA,NA,yes,4.2.1
zip,/home/rstudio/.cache/R/renv/library/atlas2120-80930b45/R-4.2/x86_64-pc-linux-gnu,2.2.0,NA,NA,NA,NA,"covr, processx, R6, testthat, withr",NA,MIT + file LICENSE,NA,NA,NA,NA,yes,4.2.1
base,/home/rstudio/.cache/R/renv/sandbox/R-4.2/x86_64-pc-linux-gnu/25ebdc09,4.2.1,base,NA,NA,NA,methods,NA,Part of R 4.2.1,NA,NA,NA,NA,NA,4.2.1
boot,/home/rstudio/.cache/R/renv/sandbox/R-4.2/x86_64-pc-linux-gnu/25ebdc09,1.3-28,recommended,"R (>= 3.0.0), graphics, stats",NA,NA,"MASS, survival",NA,Unlimited,NA,NA,NA,NA,no,4.2.1
class,/home/rstudio/.cache/R/renv/sandbox/R-4.2/x86_64-pc-linux-gnu/25ebdc09,7.3-20,recommended,"R (>= 3.0.0), stats, utils",MASS,NA,NA,NA,GPL-2 | GPL-3,NA,NA,NA,NA,yes,4.2.1
cluster,/home/rstudio/.cache/R/renv/sandbox/R-4.2/x86_64-pc-linux-gnu/25ebdc09,2.1.3,recommended,R (>= 3.5.0),"graphics, grDevices, stats, utils",NA,"MASS, Matrix",NA,GPL (>= 2),NA,NA,NA,NA,yes,4.2.1
codetools,/home/rstudio/.cache/R/renv/sandbox/R-4.2/x86_64-pc-linux-gnu/25ebdc09,0.2-18,recommended,R (>= 2.1),NA,NA,NA,NA,GPL,NA,NA,NA,NA,no,4.2.1
compiler,/home/rstudio/.cache/R/renv/sandbox/R-4.2/x86_64-pc-linux-gnu/25ebdc09,4.2.1,base,NA,NA,NA,NA,NA,Part of R 4.2.1,NA,NA,NA,NA,NA,4.2.1
datasets,/home/rstudio/.cache/R/renv/sandbox/R-4.2/x86_64-pc-linux-gnu/25ebdc09,4.2.1,base,NA,NA,NA,NA,NA,Part of R 4.2.1,NA,NA,NA,NA,NA,4.2.1
foreign,/home/rstudio/.cache/R/renv/sandbox/R-4.2/x86_64-pc-linux-gnu/25ebdc09,0.8-82,recommended,R (>= 4.0.0),"methods, utils, stats",NA,NA,NA,GPL (>= 2),NA,NA,NA,NA,yes,4.2.1
graphics,/home/rstudio/.cache/R/renv/sandbox/R-4.2/x86_64-pc-linux-gnu/25ebdc09,4.2.1,base,NA,grDevices,NA,NA,NA,Part of R 4.2.1,NA,NA,NA,NA,yes,4.2.1
grDevices,/home/rstudio/.cache/R/renv/sandbox/R-4.2/x86_64-pc-linux-gnu/25ebdc09,4.2.1,base,NA,NA,NA,KernSmooth,NA,Part of R 4.2.1,NA,NA,NA,NA,yes,4.2.1
grid,/home/rstudio/.cache/R/renv/sandbox/R-4.2/x86_64-pc-linux-gnu/25ebdc09,4.2.1,base,NA,"grDevices, utils",NA,NA,NA,Part of R 4.2.1,NA,NA,NA,NA,yes,4.2.1
KernSmooth,/home/rstudio/.cache/R/renv/sandbox/R-4.2/x86_64-pc-linux-gnu/25ebdc09,2.23-20,recommended,"R (>= 2.5.0), stats",NA,NA,"MASS, carData",NA,Unlimited,NA,NA,NA,NA,yes,4.2.1
lattice,/home/rstudio/.cache/R/renv/sandbox/R-4.2/x86_64-pc-linux-gnu/25ebdc09,0.20-45,recommended,R (>= 3.0.0),"grid, grDevices, graphics, stats, utils",NA,"KernSmooth, MASS, latticeExtra",chron,GPL (>= 2),NA,NA,NA,NA,yes,4.2.1
MASS,/home/rstudio/.cache/R/renv/sandbox/R-4.2/x86_64-pc-linux-gnu/25ebdc09,7.3-57,recommended,"R (>= 3.3.0), grDevices, graphics, stats, utils",methods,NA,"lattice, nlme, nnet, survival",NA,GPL-2 | GPL-3,NA,NA,NA,NA,yes,4.2.1
Matrix,/home/rstudio/.cache/R/renv/sandbox/R-4.2/x86_64-pc-linux-gnu/25ebdc09,1.4-1,recommended,R (>= 3.5.0),"methods, graphics, grid, stats, utils, lattice",NA,"expm, MASS","MatrixModels, graph, SparseM, sfsmisc, igraph, maptools, sp,
spdep",GPL (>= 2) | file LICENCE,NA,NA,NA,NA,yes,4.2.1
methods,/home/rstudio/.cache/R/renv/sandbox/R-4.2/x86_64-pc-linux-gnu/25ebdc09,4.2.1,base,NA,"utils, stats",NA,codetools,NA,Part of R 4.2.1,NA,NA,NA,NA,yes,4.2.1
mgcv,/home/rstudio/.cache/R/renv/sandbox/R-4.2/x86_64-pc-linux-gnu/25ebdc09,1.8-40,recommended,"R (>= 3.6.0), nlme (>= 3.1-64)","methods, stats, graphics, Matrix, splines, utils",NA,"parallel, survival, MASS",NA,GPL (>= 2),NA,NA,NA,NA,yes,4.2.1
nlme,/home/rstudio/.cache/R/renv/sandbox/R-4.2/x86_64-pc-linux-gnu/25ebdc09,3.1-157,recommended,R (>= 3.5.0),"graphics, stats, utils, lattice",NA,"Hmisc, MASS, SASmixed",NA,GPL (>= 2),NA,NA,NA,NA,yes,4.2.1
nnet,/home/rstudio/.cache/R/renv/sandbox/R-4.2/x86_64-pc-linux-gnu/25ebdc09,7.3-17,recommended,"R (>= 3.0.0), stats, utils",NA,NA,MASS,NA,GPL-2 | GPL-3,NA,NA,NA,NA,yes,4.2.1
parallel,/home/rstudio/.cache/R/renv/sandbox/R-4.2/x86_64-pc-linux-gnu/25ebdc09,4.2.1,base,NA,"tools, compiler",NA,methods,"snow, nws, Rmpi",Part of R 4.2.1,NA,NA,NA,NA,yes,4.2.1
rpart,/home/rstudio/.cache/R/renv/sandbox/R-4.2/x86_64-pc-linux-gnu/25ebdc09,4.1.16,recommended,"R (>= 2.15.0), graphics, stats, grDevices",NA,NA,survival,NA,GPL-2 | GPL-3,NA,NA,NA,NA,yes,4.2.1
spatial,/home/rstudio/.cache/R/renv/sandbox/R-4.2/x86_64-pc-linux-gnu/25ebdc09,7.3-15,recommended,"R (>= 3.0.0), graphics, stats, utils",NA,NA,MASS,NA,GPL-2 | GPL-3,NA,NA,NA,NA,yes,4.2.1
splines,/home/rstudio/.cache/R/renv/sandbox/R-4.2/x86_64-pc-linux-gnu/25ebdc09,4.2.1,base,NA,"graphics, stats",NA,"Matrix, methods",NA,Part of R 4.2.1,NA,NA,NA,NA,yes,4.2.1
stats,/home/rstudio/.cache/R/renv/sandbox/R-4.2/x86_64-pc-linux-gnu/25ebdc09,4.2.1,base,NA,"utils, grDevices, graphics",NA,"MASS, Matrix, SuppDists, methods, stats4",NA,Part of R 4.2.1,NA,NA,NA,NA,yes,4.2.1
stats4,/home/rstudio/.cache/R/renv/sandbox/R-4.2/x86_64-pc-linux-gnu/25ebdc09,4.2.1,base,NA,"graphics, methods, stats",NA,NA,NA,Part of R 4.2.1,NA,NA,NA,NA,NA,4.2.1
survival,/home/rstudio/.cache/R/renv/sandbox/R-4.2/x86_64-pc-linux-gnu/25ebdc09,3.3-1,recommended,R (>= 3.5.0),"graphics, Matrix, methods, splines, stats, utils",NA,NA,NA,LGPL (>= 2),NA,NA,NA,NA,yes,4.2.1
tcltk,/home/rstudio/.cache/R/renv/sandbox/R-4.2/x86_64-pc-linux-gnu/25ebdc09,4.2.1,base,NA,utils,NA,NA,NA,Part of R 4.2.1,NA,NA,NA,NA,yes,4.2.1
tools,/home/rstudio/.cache/R/renv/sandbox/R-4.2/x86_64-pc-linux-gnu/25ebdc09,4.2.1,base,NA,NA,NA,"codetools, methods, xml2, curl, commonmark, knitr, xfun,
mathjaxr",NA,Part of R 4.2.1,NA,NA,NA,NA,yes,4.2.1
utils,/home/rstudio/.cache/R/renv/sandbox/R-4.2/x86_64-pc-linux-gnu/25ebdc09,4.2.1,base,NA,NA,NA,"methods, xml2, commonmark, knitr",NA,Part of R 4.2.1,NA,NA,NA,NA,yes,4.2.1
